id,url,shape,price,carat,cut,color,clarity,report,type,date_fetched
10086429,https://www.brilliantearth.com//loose-diamonds/view_detail/10086429/,Round,400,0.3,Very Good,J,SI2,GIA,natural,2020-11-29 12-26 PM
10016334,https://www.brilliantearth.com//loose-diamonds/view_detail/10016334/,Emerald,400,0.31,Ideal,I,SI1,GIA,natural,2020-11-29 12-26 PM
9947216,https://www.brilliantearth.com//loose-diamonds/view_detail/9947216/,Emerald,400,0.3,Ideal,I,VS2,GIA,natural,2020-11-29 12-26 PM
10083437,https://www.brilliantearth.com//loose-diamonds/view_detail/10083437/,Round,400,0.3,Ideal,I,SI2,GIA,natural,2020-11-29 12-26 PM
9946136,https://www.brilliantearth.com//loose-diamonds/view_detail/9946136/,Emerald,400,0.3,Ideal,I,SI1,GIA,natural,2020-11-29 12-26 PM
10070154,https://www.brilliantearth.com//loose-diamonds/view_detail/10070154/,Emerald,410,0.31,Ideal,E,SI2,GIA,natural,2020-11-29 12-26 PM
10086507,https://www.brilliantearth.com//loose-diamonds/view_detail/10086507/,Round,410,0.3,Ideal,J,SI2,GIA,natural,2020-11-29 12-26 PM
10083288,https://www.brilliantearth.com//loose-diamonds/view_detail/10083288/,Round,410,0.3,Very Good,J,SI2,GIA,natural,2020-11-29 12-26 PM
10090935,https://www.brilliantearth.com//loose-diamonds/view_detail/10090935/,Marquise,410,0.3,Ideal,J,VS2,GIA,natural,2020-11-29 12-26 PM
9943628,https://www.brilliantearth.com//loose-diamonds/view_detail/9943628/,Emerald,410,0.31,Ideal,I,VVS1,GIA,natural,2020-11-29 12-26 PM
10055476,https://www.brilliantearth.com//loose-diamonds/view_detail/10055476/,Round,410,0.3,Ideal,J,SI1,GIA,natural,2020-11-29 12-26 PM
10086105,https://www.brilliantearth.com//loose-diamonds/view_detail/10086105/,Round,410,0.3,Very Good,J,SI2,GIA,natural,2020-11-29 12-26 PM
10082791,https://www.brilliantearth.com//loose-diamonds/view_detail/10082791/,Round,410,0.3,Very Good,I,SI2,GIA,natural,2020-11-29 12-26 PM
10084879,https://www.brilliantearth.com//loose-diamonds/view_detail/10084879/,Round,410,0.3,Very Good,J,SI2,GIA,natural,2020-11-29 12-26 PM
10087558,https://www.brilliantearth.com//loose-diamonds/view_detail/10087558/,Round,410,0.3,Very Good,J,SI2,GIA,natural,2020-11-29 12-26 PM
9998192,https://www.brilliantearth.com//loose-diamonds/view_detail/9998192/,Emerald,410,0.3,Ideal,I,VS2,GIA,natural,2020-11-29 12-26 PM
10083170,https://www.brilliantearth.com//loose-diamonds/view_detail/10083170/,Round,410,0.3,Very Good,J,SI1,GIA,natural,2020-11-29 12-26 PM
10084818,https://www.brilliantearth.com//loose-diamonds/view_detail/10084818/,Round,410,0.3,Very Good,J,SI2,GIA,natural,2020-11-29 12-26 PM
10048801,https://www.brilliantearth.com//loose-diamonds/view_detail/10048801/,Emerald,410,0.3,Ideal,E,SI2,GIA,natural,2020-11-29 12-26 PM
10018558,https://www.brilliantearth.com//loose-diamonds/view_detail/10018558/,Emerald,410,0.3,Very Good,J,VS1,GIA,natural,2020-11-29 12-26 PM
10087239,https://www.brilliantearth.com//loose-diamonds/view_detail/10087239/,Round,410,0.3,Very Good,F,SI2,GIA,natural,2020-11-29 12-26 PM
9926525,https://www.brilliantearth.com//loose-diamonds/view_detail/9926525/,Princess,420,0.3,Ideal,G,SI2,GIA,natural,2020-11-29 12-26 PM
10085677,https://www.brilliantearth.com//loose-diamonds/view_detail/10085677/,Round,420,0.33,Super Ideal,J,SI2,GIA,natural,2020-11-29 12-26 PM
10078896,https://www.brilliantearth.com//loose-diamonds/view_detail/10078896/,Round,420,0.3,Very Good,I,SI2,GIA,natural,2020-11-29 12-26 PM
9926562,https://www.brilliantearth.com//loose-diamonds/view_detail/9926562/,Pear,420,0.3,Ideal,I,SI1,GIA,natural,2020-11-29 12-26 PM
10084000,https://www.brilliantearth.com//loose-diamonds/view_detail/10084000/,Round,420,0.3,Very Good,J,SI2,GIA,natural,2020-11-29 12-26 PM
10083255,https://www.brilliantearth.com//loose-diamonds/view_detail/10083255/,Round,420,0.38,Very Good,J,SI1,GIA,natural,2020-11-29 12-26 PM
9968964,https://www.brilliantearth.com//loose-diamonds/view_detail/9968964/,Emerald,420,0.3,Ideal,J,VS1,GIA,natural,2020-11-29 12-26 PM
10086394,https://www.brilliantearth.com//loose-diamonds/view_detail/10086394/,Round,420,0.3,Super Ideal,I,SI2,GIA,natural,2020-11-29 12-26 PM
9943656,https://www.brilliantearth.com//loose-diamonds/view_detail/9943656/,Emerald,420,0.3,Ideal,I,SI1,GIA,natural,2020-11-29 12-26 PM
10085531,https://www.brilliantearth.com//loose-diamonds/view_detail/10085531/,Round,420,0.3,Very Good,J,SI2,GIA,natural,2020-11-29 12-26 PM
10085242,https://www.brilliantearth.com//loose-diamonds/view_detail/10085242/,Round,420,0.33,Very Good,I,SI2,GIA,natural,2020-11-29 12-26 PM
10017664,https://www.brilliantearth.com//loose-diamonds/view_detail/10017664/,Princess,420,0.32,Ideal,J,SI2,GIA,natural,2020-11-29 12-26 PM
10018977,https://www.brilliantearth.com//loose-diamonds/view_detail/10018977/,Pear,420,0.3,Ideal,I,SI1,GIA,natural,2020-11-29 12-26 PM
9997898,https://www.brilliantearth.com//loose-diamonds/view_detail/9997898/,Marquise,420,0.3,Good,F,SI1,GIA,natural,2020-11-29 12-26 PM
10083855,https://www.brilliantearth.com//loose-diamonds/view_detail/10083855/,Round,420,0.3,Very Good,J,SI1,GIA,natural,2020-11-29 12-26 PM
10085658,https://www.brilliantearth.com//loose-diamonds/view_detail/10085658/,Round,420,0.3,Ideal,I,SI1,GIA,natural,2020-11-29 12-26 PM
9946103,https://www.brilliantearth.com//loose-diamonds/view_detail/9946103/,Emerald,420,0.3,Ideal,F,SI2,GIA,natural,2020-11-29 12-26 PM
10088017,https://www.brilliantearth.com//loose-diamonds/view_detail/10088017/,Emerald,420,0.33,Ideal,J,SI1,GIA,natural,2020-11-29 12-26 PM
9944355,https://www.brilliantearth.com//loose-diamonds/view_detail/9944355/,Emerald,420,0.3,Very Good,G,SI1,GIA,natural,2020-11-29 12-26 PM
9944542,https://www.brilliantearth.com//loose-diamonds/view_detail/9944542/,Emerald,420,0.3,Super Ideal,J,VS1,GIA,natural,2020-11-29 12-26 PM
9946958,https://www.brilliantearth.com//loose-diamonds/view_detail/9946958/,Emerald,420,0.3,Ideal,F,SI2,GIA,natural,2020-11-29 12-26 PM
9947491,https://www.brilliantearth.com//loose-diamonds/view_detail/9947491/,Emerald,420,0.3,Ideal,F,SI2,GIA,natural,2020-11-29 12-26 PM
10084951,https://www.brilliantearth.com//loose-diamonds/view_detail/10084951/,Round,420,0.3,Very Good,J,SI1,GIA,natural,2020-11-29 12-26 PM
9967595,https://www.brilliantearth.com//loose-diamonds/view_detail/9967595/,Emerald,420,0.3,Ideal,J,VS2,GIA,natural,2020-11-29 12-26 PM
9946002,https://www.brilliantearth.com//loose-diamonds/view_detail/9946002/,Emerald,430,0.3,Ideal,H,SI1,GIA,natural,2020-11-29 12-26 PM
10010529,https://www.brilliantearth.com//loose-diamonds/view_detail/10010529/,Emerald,430,0.3,Ideal,F,SI2,GIA,natural,2020-11-29 12-26 PM
10083303,https://www.brilliantearth.com//loose-diamonds/view_detail/10083303/,Round,430,0.31,Super Ideal,I,SI1,GIA,natural,2020-11-29 12-26 PM
10086230,https://www.brilliantearth.com//loose-diamonds/view_detail/10086230/,Round,430,0.3,Very Good,I,SI1,GIA,natural,2020-11-29 12-26 PM
10082181,https://www.brilliantearth.com//loose-diamonds/view_detail/10082181/,Round,430,0.3,Super Ideal,I,SI2,GIA,natural,2020-11-29 12-26 PM
10082715,https://www.brilliantearth.com//loose-diamonds/view_detail/10082715/,Round,430,0.3,Ideal,G,SI2,GIA,natural,2020-11-29 12-26 PM
10086414,https://www.brilliantearth.com//loose-diamonds/view_detail/10086414/,Round,430,0.3,Very Good,J,VS2,GIA,natural,2020-11-29 12-26 PM
10021869,https://www.brilliantearth.com//loose-diamonds/view_detail/10021869/,Emerald,430,0.3,Ideal,F,SI2,GIA,natural,2020-11-29 12-26 PM
10082854,https://www.brilliantearth.com//loose-diamonds/view_detail/10082854/,Round,430,0.31,Super Ideal,I,SI2,GIA,natural,2020-11-29 12-26 PM
10017659,https://www.brilliantearth.com//loose-diamonds/view_detail/10017659/,Princess,430,0.3,Ideal,E,SI1,GIA,natural,2020-11-29 12-26 PM
10021227,https://www.brilliantearth.com//loose-diamonds/view_detail/10021227/,Round,430,0.3,Super Ideal,I,SI1,GIA,natural,2020-11-29 12-26 PM
10085576,https://www.brilliantearth.com//loose-diamonds/view_detail/10085576/,Round,430,0.3,Super Ideal,J,SI1,GIA,natural,2020-11-29 12-26 PM
10086541,https://www.brilliantearth.com//loose-diamonds/view_detail/10086541/,Round,430,0.3,Super Ideal,J,SI1,GIA,natural,2020-11-29 12-26 PM
10086607,https://www.brilliantearth.com//loose-diamonds/view_detail/10086607/,Round,430,0.3,Ideal,I,SI1,GIA,natural,2020-11-29 12-26 PM
10083440,https://www.brilliantearth.com//loose-diamonds/view_detail/10083440/,Round,430,0.3,Super Ideal,I,SI2,GIA,natural,2020-11-29 12-26 PM
10081905,https://www.brilliantearth.com//loose-diamonds/view_detail/10081905/,Round,430,0.3,Ideal,J,SI2,GIA,natural,2020-11-29 12-26 PM
10083628,https://www.brilliantearth.com//loose-diamonds/view_detail/10083628/,Round,430,0.3,Super Ideal,I,SI2,GIA,natural,2020-11-29 12-26 PM
10084616,https://www.brilliantearth.com//loose-diamonds/view_detail/10084616/,Round,430,0.3,Very Good,J,SI2,GIA,natural,2020-11-29 12-26 PM
10085191,https://www.brilliantearth.com//loose-diamonds/view_detail/10085191/,Round,430,0.3,Ideal,J,SI2,GIA,natural,2020-11-29 12-26 PM
10086398,https://www.brilliantearth.com//loose-diamonds/view_detail/10086398/,Round,430,0.32,Super Ideal,J,SI2,GIA,natural,2020-11-29 12-26 PM
10069564,https://www.brilliantearth.com//loose-diamonds/view_detail/10069564/,Pear,430,0.3,Good,I,VS2,GIA,natural,2020-11-29 12-26 PM
10085647,https://www.brilliantearth.com//loose-diamonds/view_detail/10085647/,Round,430,0.32,Super Ideal,J,SI1,GIA,natural,2020-11-29 12-26 PM
9943802,https://www.brilliantearth.com//loose-diamonds/view_detail/9943802/,Emerald,430,0.3,Ideal,F,SI2,GIA,natural,2020-11-29 12-26 PM
10086613,https://www.brilliantearth.com//loose-diamonds/view_detail/10086613/,Round,430,0.3,Very Good,I,SI2,GIA,natural,2020-11-29 12-26 PM
10017866,https://www.brilliantearth.com//loose-diamonds/view_detail/10017866/,Emerald,430,0.3,Ideal,F,SI1,GIA,natural,2020-11-29 12-26 PM
10035452,https://www.brilliantearth.com//loose-diamonds/view_detail/10035452/,Round,430,0.3,Very Good,I,SI1,GIA,natural,2020-11-29 12-26 PM
9981968,https://www.brilliantearth.com//loose-diamonds/view_detail/9981968/,Marquise,430,0.33,Ideal,I,SI1,GIA,natural,2020-11-29 12-26 PM
9946479,https://www.brilliantearth.com//loose-diamonds/view_detail/9946479/,Emerald,430,0.3,Ideal,F,SI2,GIA,natural,2020-11-29 12-26 PM
10061364,https://www.brilliantearth.com//loose-diamonds/view_detail/10061364/,Marquise,430,0.3,Ideal,F,SI2,GIA,natural,2020-11-29 12-26 PM
10082500,https://www.brilliantearth.com//loose-diamonds/view_detail/10082500/,Round,430,0.3,Super Ideal,J,SI1,GIA,natural,2020-11-29 12-26 PM
10053036,https://www.brilliantearth.com//loose-diamonds/view_detail/10053036/,Emerald,440,0.31,Ideal,D,SI2,GIA,natural,2020-11-29 12-26 PM
9989482,https://www.brilliantearth.com//loose-diamonds/view_detail/9989482/,Emerald,440,0.3,Very Good,F,SI1,GIA,natural,2020-11-29 12-26 PM
10086205,https://www.brilliantearth.com//loose-diamonds/view_detail/10086205/,Round,440,0.31,Ideal,I,VS2,GIA,natural,2020-11-29 12-26 PM
10082162,https://www.brilliantearth.com//loose-diamonds/view_detail/10082162/,Round,440,0.3,Ideal,J,VS2,GIA,natural,2020-11-29 12-26 PM
10084578,https://www.brilliantearth.com//loose-diamonds/view_detail/10084578/,Round,440,0.3,Super Ideal,J,SI1,GIA,natural,2020-11-29 12-26 PM
10086346,https://www.brilliantearth.com//loose-diamonds/view_detail/10086346/,Round,440,0.3,Very Good,J,SI1,GIA,natural,2020-11-29 12-26 PM
10091308,https://www.brilliantearth.com//loose-diamonds/view_detail/10091308/,Pear,440,0.3,Ideal,I,SI1,GIA,natural,2020-11-29 12-26 PM
9928413,https://www.brilliantearth.com//loose-diamonds/view_detail/9928413/,Princess,440,0.3,Super Ideal,I,SI1,GIA,natural,2020-11-29 12-26 PM
9990986,https://www.brilliantearth.com//loose-diamonds/view_detail/9990986/,Emerald,440,0.3,Super Ideal,G,SI2,GIA,natural,2020-11-29 12-26 PM
10073135,https://www.brilliantearth.com//loose-diamonds/view_detail/10073135/,Round,440,0.3,Good,H,SI2,GIA,natural,2020-11-29 12-26 PM
10086324,https://www.brilliantearth.com//loose-diamonds/view_detail/10086324/,Round,440,0.31,Ideal,I,VS2,GIA,natural,2020-11-29 12-26 PM
10082566,https://www.brilliantearth.com//loose-diamonds/view_detail/10082566/,Round,440,0.3,Very Good,F,SI2,GIA,natural,2020-11-29 12-26 PM
10082795,https://www.brilliantearth.com//loose-diamonds/view_detail/10082795/,Round,440,0.3,Ideal,H,SI2,GIA,natural,2020-11-29 12-26 PM
10083928,https://www.brilliantearth.com//loose-diamonds/view_detail/10083928/,Round,440,0.3,Very Good,J,SI1,GIA,natural,2020-11-29 12-26 PM
10083162,https://www.brilliantearth.com//loose-diamonds/view_detail/10083162/,Round,440,0.3,Ideal,I,SI2,GIA,natural,2020-11-29 12-26 PM
10084180,https://www.brilliantearth.com//loose-diamonds/view_detail/10084180/,Round,440,0.3,Super Ideal,H,SI2,GIA,natural,2020-11-29 12-26 PM
10080402,https://www.brilliantearth.com//loose-diamonds/view_detail/10080402/,Round,440,0.3,Good,I,VS2,GIA,natural,2020-11-29 12-26 PM
10048724,https://www.brilliantearth.com//loose-diamonds/view_detail/10048724/,Emerald,440,0.3,Ideal,F,SI1,GIA,natural,2020-11-29 12-26 PM
9909069,https://www.brilliantearth.com//loose-diamonds/view_detail/9909069/,Round,440,0.3,Good,H,SI1,GIA,natural,2020-11-29 12-26 PM
10000634,https://www.brilliantearth.com//loose-diamonds/view_detail/10000634/,Round,440,0.3,Very Good,I,VS2,GIA,natural,2020-11-29 12-26 PM
10083476,https://www.brilliantearth.com//loose-diamonds/view_detail/10083476/,Round,440,0.3,Super Ideal,I,VS2,GIA,natural,2020-11-29 12-26 PM
10084896,https://www.brilliantearth.com//loose-diamonds/view_detail/10084896/,Round,440,0.3,Super Ideal,I,SI1,GIA,natural,2020-11-29 12-26 PM
10086764,https://www.brilliantearth.com//loose-diamonds/view_detail/10086764/,Round,440,0.3,Super Ideal,I,SI2,GIA,natural,2020-11-29 12-26 PM
10082433,https://www.brilliantearth.com//loose-diamonds/view_detail/10082433/,Round,440,0.3,Very Good,I,SI1,GIA,natural,2020-11-29 12-26 PM
10083849,https://www.brilliantearth.com//loose-diamonds/view_detail/10083849/,Round,440,0.3,Super Ideal,J,SI2,GIA,natural,2020-11-29 12-26 PM
9968988,https://www.brilliantearth.com//loose-diamonds/view_detail/9968988/,Emerald,440,0.3,Very Good,F,SI1,GIA,natural,2020-11-29 12-26 PM
9957272,https://www.brilliantearth.com//loose-diamonds/view_detail/9957272/,Emerald,440,0.3,Ideal,G,SI1,GIA,natural,2020-11-29 12-26 PM
10010687,https://www.brilliantearth.com//loose-diamonds/view_detail/10010687/,Princess,440,0.3,Ideal,I,VS1,GIA,natural,2020-11-29 12-26 PM
10086104,https://www.brilliantearth.com//loose-diamonds/view_detail/10086104/,Round,440,0.3,Very Good,G,SI2,GIA,natural,2020-11-29 12-26 PM
10084788,https://www.brilliantearth.com//loose-diamonds/view_detail/10084788/,Round,440,0.33,Ideal,J,SI1,GIA,natural,2020-11-29 12-26 PM
10082121,https://www.brilliantearth.com//loose-diamonds/view_detail/10082121/,Round,440,0.3,Ideal,F,SI2,GIA,natural,2020-11-29 12-26 PM
10085645,https://www.brilliantearth.com//loose-diamonds/view_detail/10085645/,Round,440,0.3,Very Good,J,VS2,GIA,natural,2020-11-29 12-26 PM
9973964,https://www.brilliantearth.com//loose-diamonds/view_detail/9973964/,Pear,440,0.3,Ideal,J,VS2,GIA,natural,2020-11-29 12-26 PM
10086243,https://www.brilliantearth.com//loose-diamonds/view_detail/10086243/,Round,440,0.3,Super Ideal,J,SI2,GIA,natural,2020-11-29 12-26 PM
10090742,https://www.brilliantearth.com//loose-diamonds/view_detail/10090742/,Emerald,440,0.31,Ideal,J,VS1,GIA,natural,2020-11-29 12-26 PM
9943254,https://www.brilliantearth.com//loose-diamonds/view_detail/9943254/,Emerald,450,0.3,Ideal,E,SI2,GIA,natural,2020-11-29 12-26 PM
9926324,https://www.brilliantearth.com//loose-diamonds/view_detail/9926324/,Marquise,450,0.31,Ideal,I,VS2,GIA,natural,2020-11-29 12-26 PM
9998051,https://www.brilliantearth.com//loose-diamonds/view_detail/9998051/,Emerald,450,0.3,Ideal,I,VS1,GIA,natural,2020-11-29 12-26 PM
9926330,https://www.brilliantearth.com//loose-diamonds/view_detail/9926330/,Marquise,450,0.3,Very Good,F,SI1,GIA,natural,2020-11-29 12-26 PM
10083105,https://www.brilliantearth.com//loose-diamonds/view_detail/10083105/,Round,450,0.32,Super Ideal,J,VS2,GIA,natural,2020-11-29 12-26 PM
10086464,https://www.brilliantearth.com//loose-diamonds/view_detail/10086464/,Round,450,0.3,Super Ideal,J,VS2,GIA,natural,2020-11-29 12-26 PM
10082707,https://www.brilliantearth.com//loose-diamonds/view_detail/10082707/,Round,450,0.3,Very Good,F,SI2,GIA,natural,2020-11-29 12-26 PM
10083633,https://www.brilliantearth.com//loose-diamonds/view_detail/10083633/,Round,450,0.31,Super Ideal,J,VS2,GIA,natural,2020-11-29 12-26 PM
10083837,https://www.brilliantearth.com//loose-diamonds/view_detail/10083837/,Round,450,0.3,Very Good,E,SI2,GIA,natural,2020-11-29 12-26 PM
10082919,https://www.brilliantearth.com//loose-diamonds/view_detail/10082919/,Round,450,0.3,Ideal,J,SI2,GIA,natural,2020-11-29 12-26 PM
10082558,https://www.brilliantearth.com//loose-diamonds/view_detail/10082558/,Round,450,0.3,Very Good,I,SI1,GIA,natural,2020-11-29 12-26 PM
9928575,https://www.brilliantearth.com//loose-diamonds/view_detail/9928575/,Princess,450,0.3,Ideal,J,VVS1,GIA,natural,2020-11-29 12-26 PM
9946466,https://www.brilliantearth.com//loose-diamonds/view_detail/9946466/,Emerald,450,0.3,Ideal,E,SI2,GIA,natural,2020-11-29 12-26 PM
10061044,https://www.brilliantearth.com//loose-diamonds/view_detail/10061044/,Emerald,450,0.3,Super Ideal,I,VS2,GIA,natural,2020-11-29 12-26 PM
10061739,https://www.brilliantearth.com//loose-diamonds/view_detail/10061739/,Round,450,0.3,Very Good,J,VS2,GIA,natural,2020-11-29 12-26 PM
10084607,https://www.brilliantearth.com//loose-diamonds/view_detail/10084607/,Round,450,0.3,Very Good,H,SI1,GIA,natural,2020-11-29 12-26 PM
10082925,https://www.brilliantearth.com//loose-diamonds/view_detail/10082925/,Round,450,0.31,Ideal,I,VS2,GIA,natural,2020-11-29 12-26 PM
10084382,https://www.brilliantearth.com//loose-diamonds/view_detail/10084382/,Round,450,0.3,Very Good,E,SI2,GIA,natural,2020-11-29 12-26 PM
10082044,https://www.brilliantearth.com//loose-diamonds/view_detail/10082044/,Round,450,0.3,Super Ideal,I,VS2,GIA,natural,2020-11-29 12-26 PM
10082670,https://www.brilliantearth.com//loose-diamonds/view_detail/10082670/,Round,450,0.31,Super Ideal,F,SI2,GIA,natural,2020-11-29 12-26 PM
10086257,https://www.brilliantearth.com//loose-diamonds/view_detail/10086257/,Round,450,0.3,Very Good,J,SI1,GIA,natural,2020-11-29 12-26 PM
10082830,https://www.brilliantearth.com//loose-diamonds/view_detail/10082830/,Round,450,0.3,Super Ideal,J,SI1,GIA,natural,2020-11-29 12-26 PM
10083103,https://www.brilliantearth.com//loose-diamonds/view_detail/10083103/,Round,450,0.3,Super Ideal,J,SI1,GIA,natural,2020-11-29 12-26 PM
10022198,https://www.brilliantearth.com//loose-diamonds/view_detail/10022198/,Pear,450,0.3,Very Good,I,VS1,GIA,natural,2020-11-29 12-26 PM
9927934,https://www.brilliantearth.com//loose-diamonds/view_detail/9927934/,Pear,450,0.3,Ideal,I,SI1,GIA,natural,2020-11-29 12-26 PM
10027538,https://www.brilliantearth.com//loose-diamonds/view_detail/10027538/,Round,450,0.31,Super Ideal,J,SI2,GIA,natural,2020-11-29 12-26 PM
10063065,https://www.brilliantearth.com//loose-diamonds/view_detail/10063065/,Round,450,0.3,Ideal,J,SI1,GIA,natural,2020-11-29 12-26 PM
10061039,https://www.brilliantearth.com//loose-diamonds/view_detail/10061039/,Pear,450,0.33,Ideal,I,SI1,GIA,natural,2020-11-29 12-26 PM
10010990,https://www.brilliantearth.com//loose-diamonds/view_detail/10010990/,Emerald,450,0.32,Ideal,I,SI1,GIA,natural,2020-11-29 12-26 PM
10083605,https://www.brilliantearth.com//loose-diamonds/view_detail/10083605/,Round,450,0.3,Ideal,J,SI2,GIA,natural,2020-11-29 12-26 PM
10082891,https://www.brilliantearth.com//loose-diamonds/view_detail/10082891/,Round,450,0.3,Super Ideal,I,SI2,GIA,natural,2020-11-29 12-26 PM
10083439,https://www.brilliantearth.com//loose-diamonds/view_detail/10083439/,Round,450,0.31,Ideal,J,VVS1,GIA,natural,2020-11-29 12-26 PM
10086601,https://www.brilliantearth.com//loose-diamonds/view_detail/10086601/,Round,450,0.3,Super Ideal,J,SI2,GIA,natural,2020-11-29 12-26 PM
10086748,https://www.brilliantearth.com//loose-diamonds/view_detail/10086748/,Round,450,0.3,Super Ideal,I,SI1,GIA,natural,2020-11-29 12-26 PM
10084980,https://www.brilliantearth.com//loose-diamonds/view_detail/10084980/,Round,450,0.3,Super Ideal,I,SI1,GIA,natural,2020-11-29 12-26 PM
10084285,https://www.brilliantearth.com//loose-diamonds/view_detail/10084285/,Round,450,0.3,Very Good,J,SI1,GIA,natural,2020-11-29 12-26 PM
10086206,https://www.brilliantearth.com//loose-diamonds/view_detail/10086206/,Round,450,0.3,Very Good,J,SI2,GIA,natural,2020-11-29 12-26 PM
10085674,https://www.brilliantearth.com//loose-diamonds/view_detail/10085674/,Round,450,0.3,Ideal,E,SI2,GIA,natural,2020-11-29 12-26 PM
10086650,https://www.brilliantearth.com//loose-diamonds/view_detail/10086650/,Round,450,0.3,Very Good,I,SI2,GIA,natural,2020-11-29 12-26 PM
10086497,https://www.brilliantearth.com//loose-diamonds/view_detail/10086497/,Round,450,0.3,Ideal,J,SI1,GIA,natural,2020-11-29 12-26 PM
10086426,https://www.brilliantearth.com//loose-diamonds/view_detail/10086426/,Round,450,0.3,Ideal,J,SI2,GIA,natural,2020-11-29 12-26 PM
10083097,https://www.brilliantearth.com//loose-diamonds/view_detail/10083097/,Round,450,0.3,Ideal,I,SI2,GIA,natural,2020-11-29 12-26 PM
9947097,https://www.brilliantearth.com//loose-diamonds/view_detail/9947097/,Emerald,450,0.3,Ideal,I,VVS2,GIA,natural,2020-11-29 12-26 PM
10079247,https://www.brilliantearth.com//loose-diamonds/view_detail/10079247/,Emerald,450,0.3,Ideal,I,VVS1,GIA,natural,2020-11-29 12-26 PM
10022703,https://www.brilliantearth.com//loose-diamonds/view_detail/10022703/,Emerald,450,0.3,Ideal,G,SI1,GIA,natural,2020-11-29 12-26 PM
9947688,https://www.brilliantearth.com//loose-diamonds/view_detail/9947688/,Emerald,450,0.34,Ideal,H,SI1,GIA,natural,2020-11-29 12-26 PM
10001730,https://www.brilliantearth.com//loose-diamonds/view_detail/10001730/,Emerald,450,0.3,Ideal,I,VS1,GIA,natural,2020-11-29 12-26 PM
9926827,https://www.brilliantearth.com//loose-diamonds/view_detail/9926827/,Marquise,450,0.3,Ideal,G,SI1,GIA,natural,2020-11-29 12-26 PM
9964206,https://www.brilliantearth.com//loose-diamonds/view_detail/9964206/,Emerald,450,0.3,Ideal,I,SI1,GIA,natural,2020-11-29 12-26 PM
10085768,https://www.brilliantearth.com//loose-diamonds/view_detail/10085768/,Round,450,0.3,Very Good,I,SI1,GIA,natural,2020-11-29 12-26 PM
10083553,https://www.brilliantearth.com//loose-diamonds/view_detail/10083553/,Round,450,0.3,Ideal,J,VS1,GIA,natural,2020-11-29 12-26 PM
10085650,https://www.brilliantearth.com//loose-diamonds/view_detail/10085650/,Round,450,0.33,Super Ideal,J,SI1,GIA,natural,2020-11-29 12-26 PM
10085263,https://www.brilliantearth.com//loose-diamonds/view_detail/10085263/,Round,450,0.3,Very Good,I,SI1,GIA,natural,2020-11-29 12-26 PM
10083491,https://www.brilliantearth.com//loose-diamonds/view_detail/10083491/,Round,450,0.32,Ideal,I,VS2,GIA,natural,2020-11-29 12-26 PM
10082913,https://www.brilliantearth.com//loose-diamonds/view_detail/10082913/,Round,450,0.3,Super Ideal,J,SI2,GIA,natural,2020-11-29 12-26 PM
10084613,https://www.brilliantearth.com//loose-diamonds/view_detail/10084613/,Round,450,0.3,Very Good,H,SI1,GIA,natural,2020-11-29 12-26 PM
10085086,https://www.brilliantearth.com//loose-diamonds/view_detail/10085086/,Round,450,0.3,Very Good,I,SI2,GIA,natural,2020-11-29 12-26 PM
10085338,https://www.brilliantearth.com//loose-diamonds/view_detail/10085338/,Round,450,0.3,Super Ideal,J,VS1,GIA,natural,2020-11-29 12-26 PM
10082730,https://www.brilliantearth.com//loose-diamonds/view_detail/10082730/,Round,450,0.3,Ideal,I,SI1,GIA,natural,2020-11-29 12-26 PM
10082136,https://www.brilliantearth.com//loose-diamonds/view_detail/10082136/,Round,450,0.3,Very Good,J,SI1,GIA,natural,2020-11-29 12-26 PM
9968560,https://www.brilliantearth.com//loose-diamonds/view_detail/9968560/,Emerald,450,0.3,Very Good,G,SI1,GIA,natural,2020-11-29 12-26 PM
9927219,https://www.brilliantearth.com//loose-diamonds/view_detail/9927219/,Pear,450,0.3,Ideal,H,SI1,GIA,natural,2020-11-29 12-26 PM
10027789,https://www.brilliantearth.com//loose-diamonds/view_detail/10027789/,Emerald,450,0.32,Ideal,I,SI1,GIA,natural,2020-11-29 12-26 PM
9946196,https://www.brilliantearth.com//loose-diamonds/view_detail/9946196/,Emerald,450,0.3,Ideal,I,VS1,GIA,natural,2020-11-29 12-26 PM
10085851,https://www.brilliantearth.com//loose-diamonds/view_detail/10085851/,Round,450,0.31,Super Ideal,I,SI1,GIA,natural,2020-11-29 12-26 PM
10084376,https://www.brilliantearth.com//loose-diamonds/view_detail/10084376/,Round,450,0.31,Super Ideal,H,SI1,GIA,natural,2020-11-29 12-26 PM
10082545,https://www.brilliantearth.com//loose-diamonds/view_detail/10082545/,Round,450,0.31,Super Ideal,H,SI2,GIA,natural,2020-11-29 12-26 PM
10082991,https://www.brilliantearth.com//loose-diamonds/view_detail/10082991/,Round,450,0.3,Very Good,F,SI2,GIA,natural,2020-11-29 12-26 PM
10086362,https://www.brilliantearth.com//loose-diamonds/view_detail/10086362/,Round,450,0.3,Super Ideal,I,SI2,GIA,natural,2020-11-29 12-26 PM
10084464,https://www.brilliantearth.com//loose-diamonds/view_detail/10084464/,Round,450,0.34,Super Ideal,J,SI2,GIA,natural,2020-11-29 12-26 PM
10082844,https://www.brilliantearth.com//loose-diamonds/view_detail/10082844/,Round,450,0.33,Ideal,I,SI2,GIA,natural,2020-11-29 12-26 PM
10086234,https://www.brilliantearth.com//loose-diamonds/view_detail/10086234/,Round,450,0.31,Very Good,J,SI2,GIA,natural,2020-11-29 12-26 PM
9972704,https://www.brilliantearth.com//loose-diamonds/view_detail/9972704/,Emerald,450,0.3,Super Ideal,F,SI2,GIA,natural,2020-11-29 12-26 PM
9878088,https://www.brilliantearth.com//loose-diamonds/view_detail/9878088/,Princess,460,0.3,Ideal,H,VS2,GIA,natural,2020-11-29 12-26 PM
9947648,https://www.brilliantearth.com//loose-diamonds/view_detail/9947648/,Emerald,460,0.3,Ideal,G,SI1,GIA,natural,2020-11-29 12-26 PM
10063113,https://www.brilliantearth.com//loose-diamonds/view_detail/10063113/,Pear,460,0.3,Ideal,J,VVS2,GIA,natural,2020-11-29 12-26 PM
9964074,https://www.brilliantearth.com//loose-diamonds/view_detail/9964074/,Round,460,0.3,Ideal,J,SI1,GIA,natural,2020-11-29 12-26 PM
10083205,https://www.brilliantearth.com//loose-diamonds/view_detail/10083205/,Round,460,0.31,Super Ideal,H,SI1,GIA,natural,2020-11-29 12-26 PM
10086554,https://www.brilliantearth.com//loose-diamonds/view_detail/10086554/,Round,460,0.31,Very Good,H,SI1,GIA,natural,2020-11-29 12-26 PM
10087220,https://www.brilliantearth.com//loose-diamonds/view_detail/10087220/,Round,460,0.32,Super Ideal,H,SI2,GIA,natural,2020-11-29 12-26 PM
10086626,https://www.brilliantearth.com//loose-diamonds/view_detail/10086626/,Round,460,0.3,Super Ideal,J,SI2,GIA,natural,2020-11-29 12-26 PM
10086614,https://www.brilliantearth.com//loose-diamonds/view_detail/10086614/,Round,460,0.3,Very Good,G,SI2,GIA,natural,2020-11-29 12-26 PM
10082466,https://www.brilliantearth.com//loose-diamonds/view_detail/10082466/,Round,460,0.3,Very Good,J,VS1,GIA,natural,2020-11-29 12-26 PM
9927875,https://www.brilliantearth.com//loose-diamonds/view_detail/9927875/,Pear,460,0.3,Ideal,I,VS1,GIA,natural,2020-11-29 12-26 PM
9928538,https://www.brilliantearth.com//loose-diamonds/view_detail/9928538/,Princess,460,0.3,Ideal,F,SI2,GIA,natural,2020-11-29 12-26 PM
9981984,https://www.brilliantearth.com//loose-diamonds/view_detail/9981984/,Round,460,0.3,Ideal,J,SI1,GIA,natural,2020-11-29 12-26 PM
10028167,https://www.brilliantearth.com//loose-diamonds/view_detail/10028167/,Emerald,460,0.3,Ideal,D,SI2,GIA,natural,2020-11-29 12-26 PM
9926638,https://www.brilliantearth.com//loose-diamonds/view_detail/9926638/,Marquise,460,0.3,Very Good,I,VVS1,GIA,natural,2020-11-29 12-26 PM
10063014,https://www.brilliantearth.com//loose-diamonds/view_detail/10063014/,Round,460,0.3,Very Good,J,VS2,GIA,natural,2020-11-29 12-26 PM
10065765,https://www.brilliantearth.com//loose-diamonds/view_detail/10065765/,Emerald,460,0.3,Ideal,G,SI1,GIA,natural,2020-11-29 12-26 PM
9947638,https://www.brilliantearth.com//loose-diamonds/view_detail/9947638/,Emerald,460,0.3,Ideal,I,VS2,GIA,natural,2020-11-29 12-26 PM
10000690,https://www.brilliantearth.com//loose-diamonds/view_detail/10000690/,Round,460,0.31,Super Ideal,I,VS2,GIA,natural,2020-11-29 12-26 PM
10083181,https://www.brilliantearth.com//loose-diamonds/view_detail/10083181/,Round,460,0.31,Super Ideal,I,VS2,GIA,natural,2020-11-29 12-26 PM
10081956,https://www.brilliantearth.com//loose-diamonds/view_detail/10081956/,Round,460,0.31,Ideal,F,SI2,GIA,natural,2020-11-29 12-26 PM
10083721,https://www.brilliantearth.com//loose-diamonds/view_detail/10083721/,Round,460,0.3,Ideal,E,SI2,GIA,natural,2020-11-29 12-26 PM
10084273,https://www.brilliantearth.com//loose-diamonds/view_detail/10084273/,Round,460,0.3,Very Good,I,SI2,GIA,natural,2020-11-29 12-26 PM
10081906,https://www.brilliantearth.com//loose-diamonds/view_detail/10081906/,Round,460,0.3,Very Good,F,SI2,GIA,natural,2020-11-29 12-26 PM
10082453,https://www.brilliantearth.com//loose-diamonds/view_detail/10082453/,Round,460,0.35,Super Ideal,J,SI1,GIA,natural,2020-11-29 12-26 PM
10086706,https://www.brilliantearth.com//loose-diamonds/view_detail/10086706/,Round,460,0.3,Very Good,J,VS1,GIA,natural,2020-11-29 12-26 PM
10016982,https://www.brilliantearth.com//loose-diamonds/view_detail/10016982/,Pear,460,0.32,Ideal,I,SI1,GIA,natural,2020-11-29 12-26 PM
9997035,https://www.brilliantearth.com//loose-diamonds/view_detail/9997035/,Pear,460,0.3,Very Good,F,SI2,GIA,natural,2020-11-29 12-26 PM
9927143,https://www.brilliantearth.com//loose-diamonds/view_detail/9927143/,Pear,460,0.3,Very Good,F,SI2,GIA,natural,2020-11-29 12-26 PM
9943590,https://www.brilliantearth.com//loose-diamonds/view_detail/9943590/,Emerald,460,0.35,Ideal,G,SI2,GIA,natural,2020-11-29 12-26 PM
10000568,https://www.brilliantearth.com//loose-diamonds/view_detail/10000568/,Round,460,0.3,Super Ideal,I,VS2,GIA,natural,2020-11-29 12-26 PM
10082801,https://www.brilliantearth.com//loose-diamonds/view_detail/10082801/,Round,460,0.3,Super Ideal,J,VS1,GIA,natural,2020-11-29 12-26 PM
10083822,https://www.brilliantearth.com//loose-diamonds/view_detail/10083822/,Round,460,0.33,Ideal,J,SI2,GIA,natural,2020-11-29 12-26 PM
10085965,https://www.brilliantearth.com//loose-diamonds/view_detail/10085965/,Round,460,0.32,Ideal,J,SI1,GIA,natural,2020-11-29 12-26 PM
10086258,https://www.brilliantearth.com//loose-diamonds/view_detail/10086258/,Round,460,0.33,Super Ideal,I,SI2,GIA,natural,2020-11-29 12-26 PM
10085699,https://www.brilliantearth.com//loose-diamonds/view_detail/10085699/,Round,460,0.3,Super Ideal,H,SI1,GIA,natural,2020-11-29 12-26 PM
10088197,https://www.brilliantearth.com//loose-diamonds/view_detail/10088197/,Round,460,0.3,Very Good,J,SI1,GIA,natural,2020-11-29 12-26 PM
10001793,https://www.brilliantearth.com//loose-diamonds/view_detail/10001793/,Emerald,460,0.34,Ideal,I,VS2,GIA,natural,2020-11-29 12-26 PM
10069714,https://www.brilliantearth.com//loose-diamonds/view_detail/10069714/,Marquise,460,0.3,Very Good,I,VVS2,GIA,natural,2020-11-29 12-26 PM
10082257,https://www.brilliantearth.com//loose-diamonds/view_detail/10082257/,Round,460,0.31,Super Ideal,J,VS1,GIA,natural,2020-11-29 12-26 PM
10086106,https://www.brilliantearth.com//loose-diamonds/view_detail/10086106/,Round,460,0.3,Super Ideal,G,SI2,GIA,natural,2020-11-29 12-26 PM
10085782,https://www.brilliantearth.com//loose-diamonds/view_detail/10085782/,Round,460,0.33,Super Ideal,J,SI2,GIA,natural,2020-11-29 12-26 PM
10086427,https://www.brilliantearth.com//loose-diamonds/view_detail/10086427/,Round,460,0.3,Ideal,E,SI2,GIA,natural,2020-11-29 12-26 PM
10086361,https://www.brilliantearth.com//loose-diamonds/view_detail/10086361/,Round,460,0.3,Very Good,F,SI2,GIA,natural,2020-11-29 12-26 PM
10082960,https://www.brilliantearth.com//loose-diamonds/view_detail/10082960/,Round,460,0.3,Super Ideal,J,SI1,GIA,natural,2020-11-29 12-26 PM
10082568,https://www.brilliantearth.com//loose-diamonds/view_detail/10082568/,Round,460,0.3,Ideal,H,SI1,GIA,natural,2020-11-29 12-26 PM
10082066,https://www.brilliantearth.com//loose-diamonds/view_detail/10082066/,Round,460,0.3,Very Good,I,SI1,GIA,natural,2020-11-29 12-26 PM
9972834,https://www.brilliantearth.com//loose-diamonds/view_detail/9972834/,Pear,460,0.3,Very Good,F,SI2,GIA,natural,2020-11-29 12-26 PM
9829452,https://www.brilliantearth.com//loose-diamonds/view_detail/9829452/,Princess,460,0.26,Very Good,G,VS1,GIA,natural,2020-11-29 12-26 PM
9943886,https://www.brilliantearth.com//loose-diamonds/view_detail/9943886/,Emerald,460,0.3,Super Ideal,I,VS1,GIA,natural,2020-11-29 12-26 PM
9964271,https://www.brilliantearth.com//loose-diamonds/view_detail/9964271/,Emerald,460,0.3,Ideal,E,SI1,GIA,natural,2020-11-29 12-26 PM
9945930,https://www.brilliantearth.com//loose-diamonds/view_detail/9945930/,Emerald,460,0.33,Ideal,I,SI1,GIA,natural,2020-11-29 12-26 PM
10000654,https://www.brilliantearth.com//loose-diamonds/view_detail/10000654/,Round,460,0.3,Ideal,I,VS2,GIA,natural,2020-11-29 12-26 PM
10086094,https://www.brilliantearth.com//loose-diamonds/view_detail/10086094/,Round,460,0.37,Super Ideal,J,SI2,GIA,natural,2020-11-29 12-26 PM
10084693,https://www.brilliantearth.com//loose-diamonds/view_detail/10084693/,Round,460,0.31,Super Ideal,J,SI2,GIA,natural,2020-11-29 12-26 PM
10083600,https://www.brilliantearth.com//loose-diamonds/view_detail/10083600/,Round,460,0.3,Super Ideal,J,SI2,GIA,natural,2020-11-29 12-26 PM
10082933,https://www.brilliantearth.com//loose-diamonds/view_detail/10082933/,Round,460,0.3,Super Ideal,I,SI1,GIA,natural,2020-11-29 12-26 PM
10083214,https://www.brilliantearth.com//loose-diamonds/view_detail/10083214/,Round,460,0.3,Very Good,G,SI1,GIA,natural,2020-11-29 12-26 PM
10086591,https://www.brilliantearth.com//loose-diamonds/view_detail/10086591/,Round,460,0.3,Ideal,I,VVS1,GIA,natural,2020-11-29 12-26 PM
10086261,https://www.brilliantearth.com//loose-diamonds/view_detail/10086261/,Round,460,0.3,Super Ideal,J,SI2,GIA,natural,2020-11-29 12-26 PM
10086166,https://www.brilliantearth.com//loose-diamonds/view_detail/10086166/,Round,460,0.31,Super Ideal,J,SI1,GIA,natural,2020-11-29 12-26 PM
10081899,https://www.brilliantearth.com//loose-diamonds/view_detail/10081899/,Round,460,0.3,Super Ideal,J,SI2,GIA,natural,2020-11-29 12-26 PM
9878266,https://www.brilliantearth.com//loose-diamonds/view_detail/9878266/,Princess,470,0.25,Very Good,E,VS2,GIA,natural,2020-11-29 12-26 PM
9927697,https://www.brilliantearth.com//loose-diamonds/view_detail/9927697/,Pear,470,0.32,Ideal,G,SI2,GIA,natural,2020-11-29 12-26 PM
9928690,https://www.brilliantearth.com//loose-diamonds/view_detail/9928690/,Pear,470,0.3,Good,E,SI2,GIA,natural,2020-11-29 12-26 PM
9944285,https://www.brilliantearth.com//loose-diamonds/view_detail/9944285/,Emerald,470,0.32,Ideal,E,SI1,GIA,natural,2020-11-29 12-26 PM
10027972,https://www.brilliantearth.com//loose-diamonds/view_detail/10027972/,Pear,470,0.3,Ideal,I,VS2,GIA,natural,2020-11-29 12-26 PM
9947114,https://www.brilliantearth.com//loose-diamonds/view_detail/9947114/,Emerald,470,0.33,Ideal,I,SI1,GIA,natural,2020-11-29 12-26 PM
10082451,https://www.brilliantearth.com//loose-diamonds/view_detail/10082451/,Round,470,0.25,Super Ideal,F,SI1,GIA,natural,2020-11-29 12-26 PM
10085460,https://www.brilliantearth.com//loose-diamonds/view_detail/10085460/,Round,470,0.3,Very Good,J,VS1,GIA,natural,2020-11-29 12-26 PM
10086397,https://www.brilliantearth.com//loose-diamonds/view_detail/10086397/,Round,470,0.34,Super Ideal,J,VS2,GIA,natural,2020-11-29 12-26 PM
10086640,https://www.brilliantearth.com//loose-diamonds/view_detail/10086640/,Round,470,0.35,Ideal,J,SI2,GIA,natural,2020-11-29 12-26 PM
10085982,https://www.brilliantearth.com//loose-diamonds/view_detail/10085982/,Round,470,0.3,Very Good,G,SI2,GIA,natural,2020-11-29 12-26 PM
10085396,https://www.brilliantearth.com//loose-diamonds/view_detail/10085396/,Round,470,0.32,Ideal,J,SI2,GIA,natural,2020-11-29 12-26 PM
10083398,https://www.brilliantearth.com//loose-diamonds/view_detail/10083398/,Round,470,0.3,Super Ideal,I,SI1,GIA,natural,2020-11-29 12-26 PM
10083466,https://www.brilliantearth.com//loose-diamonds/view_detail/10083466/,Round,470,0.3,Very Good,G,SI2,GIA,natural,2020-11-29 12-26 PM
10048816,https://www.brilliantearth.com//loose-diamonds/view_detail/10048816/,Pear,470,0.3,Good,H,SI1,GIA,natural,2020-11-29 12-26 PM
10022220,https://www.brilliantearth.com//loose-diamonds/view_detail/10022220/,Marquise,470,0.3,Ideal,F,SI1,GIA,natural,2020-11-29 12-26 PM
9877558,https://www.brilliantearth.com//loose-diamonds/view_detail/9877558/,Princess,470,0.25,Good,F,VS1,GIA,natural,2020-11-29 12-26 PM
10028372,https://www.brilliantearth.com//loose-diamonds/view_detail/10028372/,Round,470,0.3,Ideal,J,SI2,GIA,natural,2020-11-29 12-26 PM
10067431,https://www.brilliantearth.com//loose-diamonds/view_detail/10067431/,Round,470,0.25,Ideal,F,VS2,GIA,natural,2020-11-29 12-26 PM
10046600,https://www.brilliantearth.com//loose-diamonds/view_detail/10046600/,Round,470,0.3,Good,E,SI2,GIA,natural,2020-11-29 12-26 PM
10086433,https://www.brilliantearth.com//loose-diamonds/view_detail/10086433/,Round,470,0.3,Very Good,J,VS1,GIA,natural,2020-11-29 12-26 PM
10082236,https://www.brilliantearth.com//loose-diamonds/view_detail/10082236/,Round,470,0.34,Very Good,J,VS2,GIA,natural,2020-11-29 12-26 PM
10083562,https://www.brilliantearth.com//loose-diamonds/view_detail/10083562/,Round,470,0.3,Super Ideal,H,SI1,GIA,natural,2020-11-29 12-26 PM
10085047,https://www.brilliantearth.com//loose-diamonds/view_detail/10085047/,Round,470,0.3,Very Good,G,SI2,GIA,natural,2020-11-29 12-26 PM
10086183,https://www.brilliantearth.com//loose-diamonds/view_detail/10086183/,Round,470,0.25,Super Ideal,H,VS2,GIA,natural,2020-11-29 12-26 PM
10084519,https://www.brilliantearth.com//loose-diamonds/view_detail/10084519/,Round,470,0.3,Very Good,G,SI2,GIA,natural,2020-11-29 12-26 PM
10086585,https://www.brilliantearth.com//loose-diamonds/view_detail/10086585/,Round,470,0.3,Super Ideal,I,SI1,GIA,natural,2020-11-29 12-26 PM
10082671,https://www.brilliantearth.com//loose-diamonds/view_detail/10082671/,Round,470,0.38,Ideal,J,SI2,GIA,natural,2020-11-29 12-26 PM
9969063,https://www.brilliantearth.com//loose-diamonds/view_detail/9969063/,Princess,470,0.3,Ideal,I,VS1,GIA,natural,2020-11-29 12-26 PM
10086146,https://www.brilliantearth.com//loose-diamonds/view_detail/10086146/,Round,470,0.3,Very Good,J,VS2,GIA,natural,2020-11-29 12-26 PM
9878139,https://www.brilliantearth.com//loose-diamonds/view_detail/9878139/,Princess,470,0.25,Ideal,F,VS1,GIA,natural,2020-11-29 12-26 PM
9925932,https://www.brilliantearth.com//loose-diamonds/view_detail/9925932/,Pear,470,0.32,Ideal,I,VS2,GIA,natural,2020-11-29 12-26 PM
9926207,https://www.brilliantearth.com//loose-diamonds/view_detail/9926207/,Pear,470,0.3,Ideal,I,VVS2,GIA,natural,2020-11-29 12-26 PM
10027810,https://www.brilliantearth.com//loose-diamonds/view_detail/10027810/,Emerald,470,0.3,Very Good,H,SI1,GIA,natural,2020-11-29 12-26 PM
9997034,https://www.brilliantearth.com//loose-diamonds/view_detail/9997034/,Princess,470,0.31,Ideal,I,SI2,GIA,natural,2020-11-29 12-26 PM
10086245,https://www.brilliantearth.com//loose-diamonds/view_detail/10086245/,Round,470,0.3,Ideal,I,VS1,GIA,natural,2020-11-29 12-26 PM
10085097,https://www.brilliantearth.com//loose-diamonds/view_detail/10085097/,Round,470,0.3,Very Good,I,VS2,GIA,natural,2020-11-29 12-26 PM
10085797,https://www.brilliantearth.com//loose-diamonds/view_detail/10085797/,Round,470,0.37,Super Ideal,J,SI1,GIA,natural,2020-11-29 12-26 PM
10083582,https://www.brilliantearth.com//loose-diamonds/view_detail/10083582/,Round,470,0.32,Ideal,H,SI1,GIA,natural,2020-11-29 12-26 PM
10086396,https://www.brilliantearth.com//loose-diamonds/view_detail/10086396/,Round,470,0.3,Super Ideal,J,VS1,GIA,natural,2020-11-29 12-26 PM
10086381,https://www.brilliantearth.com//loose-diamonds/view_detail/10086381/,Round,470,0.3,Very Good,H,SI2,GIA,natural,2020-11-29 12-26 PM
10082631,https://www.brilliantearth.com//loose-diamonds/view_detail/10082631/,Round,470,0.3,Ideal,I,SI2,GIA,natural,2020-11-29 12-26 PM
9925764,https://www.brilliantearth.com//loose-diamonds/view_detail/9925764/,Princess,470,0.3,Ideal,E,SI1,GIA,natural,2020-11-29 12-26 PM
10085774,https://www.brilliantearth.com//loose-diamonds/view_detail/10085774/,Round,470,0.34,Ideal,J,SI2,GIA,natural,2020-11-29 12-26 PM
10016796,https://www.brilliantearth.com//loose-diamonds/view_detail/10016796/,Emerald,470,0.3,Ideal,E,SI2,GIA,natural,2020-11-29 12-26 PM
10079325,https://www.brilliantearth.com//loose-diamonds/view_detail/10079325/,Emerald,470,0.3,Ideal,I,SI1,GIA,natural,2020-11-29 12-26 PM
10091366,https://www.brilliantearth.com//loose-diamonds/view_detail/10091366/,Emerald,470,0.3,Ideal,I,VS1,GIA,natural,2020-11-29 12-26 PM
9925401,https://www.brilliantearth.com//loose-diamonds/view_detail/9925401/,Pear,470,0.31,Ideal,I,VVS1,GIA,natural,2020-11-29 12-26 PM
9903246,https://www.brilliantearth.com//loose-diamonds/view_detail/9903246/,Round,470,0.31,Very Good,I,VS2,GIA,natural,2020-11-29 12-26 PM
9904454,https://www.brilliantearth.com//loose-diamonds/view_detail/9904454/,Round,470,0.25,Super Ideal,I,VVS1,GIA,natural,2020-11-29 12-26 PM
10053297,https://www.brilliantearth.com//loose-diamonds/view_detail/10053297/,Emerald,470,0.3,Ideal,D,SI2,GIA,natural,2020-11-29 12-26 PM
9947590,https://www.brilliantearth.com//loose-diamonds/view_detail/9947590/,Emerald,470,0.3,Ideal,H,SI1,GIA,natural,2020-11-29 12-26 PM
10002303,https://www.brilliantearth.com//loose-diamonds/view_detail/10002303/,Round,470,0.3,Super Ideal,J,SI2,GIA,natural,2020-11-29 12-26 PM
9926512,https://www.brilliantearth.com//loose-diamonds/view_detail/9926512/,Pear,470,0.3,Ideal,H,SI1,GIA,natural,2020-11-29 12-26 PM
10067349,https://www.brilliantearth.com//loose-diamonds/view_detail/10067349/,Pear,470,0.3,Ideal,I,VS1,GIA,natural,2020-11-29 12-26 PM
10073484,https://www.brilliantearth.com//loose-diamonds/view_detail/10073484/,Round,470,0.3,Good,F,SI1,GIA,natural,2020-11-29 12-26 PM
9944950,https://www.brilliantearth.com//loose-diamonds/view_detail/9944950/,Emerald,470,0.3,Ideal,F,SI1,GIA,natural,2020-11-29 12-26 PM
9925553,https://www.brilliantearth.com//loose-diamonds/view_detail/9925553/,Pear,470,0.3,Ideal,H,VS2,GIA,natural,2020-11-29 12-26 PM
9964002,https://www.brilliantearth.com//loose-diamonds/view_detail/9964002/,Round,470,0.3,Very Good,J,VS1,GIA,natural,2020-11-29 12-26 PM
10000499,https://www.brilliantearth.com//loose-diamonds/view_detail/10000499/,Round,470,0.3,Super Ideal,I,VS2,GIA,natural,2020-11-29 12-26 PM
10082387,https://www.brilliantearth.com//loose-diamonds/view_detail/10082387/,Round,470,0.3,Very Good,F,SI2,GIA,natural,2020-11-29 12-26 PM
10086700,https://www.brilliantearth.com//loose-diamonds/view_detail/10086700/,Round,470,0.31,Super Ideal,J,SI1,GIA,natural,2020-11-29 12-26 PM
10086408,https://www.brilliantearth.com//loose-diamonds/view_detail/10086408/,Round,470,0.3,Super Ideal,J,VS2,GIA,natural,2020-11-29 12-26 PM
10083543,https://www.brilliantearth.com//loose-diamonds/view_detail/10083543/,Round,470,0.3,Super Ideal,J,SI2,GIA,natural,2020-11-29 12-26 PM
9931183,https://www.brilliantearth.com//loose-diamonds/view_detail/9931183/,Pear,470,0.3,Ideal,F,SI1,GIA,natural,2020-11-29 12-26 PM
10088199,https://www.brilliantearth.com//loose-diamonds/view_detail/10088199/,Emerald,470,0.3,Ideal,I,IF,GIA,natural,2020-11-29 12-26 PM
10028754,https://www.brilliantearth.com//loose-diamonds/view_detail/10028754/,Emerald,470,0.37,Ideal,I,SI1,GIA,natural,2020-11-29 12-26 PM
9947596,https://www.brilliantearth.com//loose-diamonds/view_detail/9947596/,Emerald,470,0.3,Ideal,I,VS2,GIA,natural,2020-11-29 12-26 PM
9947221,https://www.brilliantearth.com//loose-diamonds/view_detail/9947221/,Emerald,470,0.3,Ideal,G,SI1,GIA,natural,2020-11-29 12-26 PM
9946031,https://www.brilliantearth.com//loose-diamonds/view_detail/9946031/,Emerald,470,0.3,Ideal,E,SI1,GIA,natural,2020-11-29 12-26 PM
10061698,https://www.brilliantearth.com//loose-diamonds/view_detail/10061698/,Pear,470,0.3,Ideal,H,VS2,GIA,natural,2020-11-29 12-26 PM
10072410,https://www.brilliantearth.com//loose-diamonds/view_detail/10072410/,Round,470,0.3,Very Good,I,SI2,GIA,natural,2020-11-29 12-26 PM
10084150,https://www.brilliantearth.com//loose-diamonds/view_detail/10084150/,Round,470,0.3,Very Good,E,SI2,GIA,natural,2020-11-29 12-26 PM
10083907,https://www.brilliantearth.com//loose-diamonds/view_detail/10083907/,Round,470,0.31,Very Good,F,SI2,GIA,natural,2020-11-29 12-26 PM
10084147,https://www.brilliantearth.com//loose-diamonds/view_detail/10084147/,Round,470,0.33,Super Ideal,J,VS2,GIA,natural,2020-11-29 12-26 PM
10086054,https://www.brilliantearth.com//loose-diamonds/view_detail/10086054/,Round,470,0.3,Very Good,F,SI1,GIA,natural,2020-11-29 12-26 PM
10084107,https://www.brilliantearth.com//loose-diamonds/view_detail/10084107/,Round,470,0.3,Very Good,E,SI2,GIA,natural,2020-11-29 12-26 PM
10086090,https://www.brilliantearth.com//loose-diamonds/view_detail/10086090/,Round,470,0.31,Super Ideal,J,VS2,GIA,natural,2020-11-29 12-26 PM
10086447,https://www.brilliantearth.com//loose-diamonds/view_detail/10086447/,Round,470,0.3,Super Ideal,G,SI1,GIA,natural,2020-11-29 12-26 PM
10085880,https://www.brilliantearth.com//loose-diamonds/view_detail/10085880/,Round,470,0.3,Super Ideal,J,SI1,GIA,natural,2020-11-29 12-26 PM
10086065,https://www.brilliantearth.com//loose-diamonds/view_detail/10086065/,Round,470,0.3,Ideal,F,SI2,GIA,natural,2020-11-29 12-26 PM
10086313,https://www.brilliantearth.com//loose-diamonds/view_detail/10086313/,Round,470,0.3,Super Ideal,G,SI2,GIA,natural,2020-11-29 12-26 PM
10086210,https://www.brilliantearth.com//loose-diamonds/view_detail/10086210/,Round,470,0.3,Super Ideal,H,SI1,GIA,natural,2020-11-29 12-26 PM
9878785,https://www.brilliantearth.com//loose-diamonds/view_detail/9878785/,Princess,480,0.3,Ideal,G,SI1,GIA,natural,2020-11-29 12-26 PM
9878429,https://www.brilliantearth.com//loose-diamonds/view_detail/9878429/,Princess,480,0.3,Ideal,G,SI1,GIA,natural,2020-11-29 12-26 PM
9878364,https://www.brilliantearth.com//loose-diamonds/view_detail/9878364/,Princess,480,0.3,Very Good,G,SI1,GIA,natural,2020-11-29 12-26 PM
9830220,https://www.brilliantearth.com//loose-diamonds/view_detail/9830220/,Princess,480,0.3,Ideal,G,SI1,GIA,natural,2020-11-29 12-26 PM
9829339,https://www.brilliantearth.com//loose-diamonds/view_detail/9829339/,Princess,480,0.3,Ideal,G,SI1,GIA,natural,2020-11-29 12-26 PM
9828699,https://www.brilliantearth.com//loose-diamonds/view_detail/9828699/,Princess,480,0.28,Ideal,E,VS2,GIA,natural,2020-11-29 12-26 PM
9828099,https://www.brilliantearth.com//loose-diamonds/view_detail/9828099/,Princess,480,0.3,Ideal,G,SI1,GIA,natural,2020-11-29 12-26 PM
10027544,https://www.brilliantearth.com//loose-diamonds/view_detail/10027544/,Emerald,480,0.3,Ideal,G,SI1,GIA,natural,2020-11-29 12-26 PM
9947520,https://www.brilliantearth.com//loose-diamonds/view_detail/9947520/,Emerald,480,0.37,Super Ideal,J,VS1,GIA,natural,2020-11-29 12-26 PM
10053268,https://www.brilliantearth.com//loose-diamonds/view_detail/10053268/,Round,480,0.3,Very Good,I,SI2,GIA,natural,2020-11-29 12-26 PM
10067466,https://www.brilliantearth.com//loose-diamonds/view_detail/10067466/,Round,480,0.3,Very Good,I,VS1,GIA,natural,2020-11-29 12-26 PM
10085487,https://www.brilliantearth.com//loose-diamonds/view_detail/10085487/,Round,480,0.31,Super Ideal,H,SI2,GIA,natural,2020-11-29 12-26 PM
10084258,https://www.brilliantearth.com//loose-diamonds/view_detail/10084258/,Round,480,0.3,Very Good,E,SI2,GIA,natural,2020-11-29 12-26 PM
10082086,https://www.brilliantearth.com//loose-diamonds/view_detail/10082086/,Round,480,0.32,Super Ideal,J,VS1,GIA,natural,2020-11-29 12-26 PM
10084831,https://www.brilliantearth.com//loose-diamonds/view_detail/10084831/,Round,480,0.3,Super Ideal,I,VS2,GIA,natural,2020-11-29 12-26 PM
10083824,https://www.brilliantearth.com//loose-diamonds/view_detail/10083824/,Round,480,0.31,Very Good,G,SI2,GIA,natural,2020-11-29 12-26 PM
10085535,https://www.brilliantearth.com//loose-diamonds/view_detail/10085535/,Round,480,0.31,Super Ideal,J,VS1,GIA,natural,2020-11-29 12-26 PM
10082958,https://www.brilliantearth.com//loose-diamonds/view_detail/10082958/,Round,480,0.3,Very Good,J,VVS2,GIA,natural,2020-11-29 12-26 PM
10082168,https://www.brilliantearth.com//loose-diamonds/view_detail/10082168/,Round,480,0.3,Ideal,I,VS2,GIA,natural,2020-11-29 12-26 PM
9973882,https://www.brilliantearth.com//loose-diamonds/view_detail/9973882/,Pear,480,0.3,Ideal,G,SI2,GIA,natural,2020-11-29 12-26 PM
10083474,https://www.brilliantearth.com//loose-diamonds/view_detail/10083474/,Round,480,0.3,Super Ideal,H,SI2,GIA,natural,2020-11-29 12-26 PM
10022059,https://www.brilliantearth.com//loose-diamonds/view_detail/10022059/,Emerald,480,0.3,Ideal,H,VS2,GIA,natural,2020-11-29 12-26 PM
9794178,https://www.brilliantearth.com//loose-diamonds/view_detail/9794178/,Marquise,480,0.3,Ideal,F,SI2,GIA,natural,2020-11-29 12-26 PM
10087528,https://www.brilliantearth.com//loose-diamonds/view_detail/10087528/,Marquise,480,0.3,Ideal,G,SI1,GIA,natural,2020-11-29 12-26 PM
9878747,https://www.brilliantearth.com//loose-diamonds/view_detail/9878747/,Princess,480,0.3,Ideal,E,SI2,GIA,natural,2020-11-29 12-26 PM
9878622,https://www.brilliantearth.com//loose-diamonds/view_detail/9878622/,Princess,480,0.3,Very Good,G,VS1,GIA,natural,2020-11-29 12-26 PM
9878316,https://www.brilliantearth.com//loose-diamonds/view_detail/9878316/,Princess,480,0.28,Very Good,G,VS2,GIA,natural,2020-11-29 12-26 PM
9878273,https://www.brilliantearth.com//loose-diamonds/view_detail/9878273/,Princess,480,0.3,Very Good,G,SI1,GIA,natural,2020-11-29 12-26 PM
9829842,https://www.brilliantearth.com//loose-diamonds/view_detail/9829842/,Princess,480,0.3,Ideal,G,SI1,GIA,natural,2020-11-29 12-26 PM
9829705,https://www.brilliantearth.com//loose-diamonds/view_detail/9829705/,Princess,480,0.25,Ideal,D,VS2,GIA,natural,2020-11-29 12-26 PM
9828735,https://www.brilliantearth.com//loose-diamonds/view_detail/9828735/,Princess,480,0.3,Ideal,G,SI1,GIA,natural,2020-11-29 12-26 PM
9828086,https://www.brilliantearth.com//loose-diamonds/view_detail/9828086/,Princess,480,0.3,Very Good,G,SI1,GIA,natural,2020-11-29 12-26 PM
9904382,https://www.brilliantearth.com//loose-diamonds/view_detail/9904382/,Round,480,0.32,Very Good,H,SI2,GIA,natural,2020-11-29 12-26 PM
9947635,https://www.brilliantearth.com//loose-diamonds/view_detail/9947635/,Emerald,480,0.34,Ideal,I,VS2,GIA,natural,2020-11-29 12-26 PM
10053093,https://www.brilliantearth.com//loose-diamonds/view_detail/10053093/,Emerald,480,0.32,Ideal,I,VS2,GIA,natural,2020-11-29 12-26 PM
9946296,https://www.brilliantearth.com//loose-diamonds/view_detail/9946296/,Emerald,480,0.31,Super Ideal,F,SI1,GIA,natural,2020-11-29 12-26 PM
9927423,https://www.brilliantearth.com//loose-diamonds/view_detail/9927423/,Princess,480,0.3,Ideal,I,VS1,GIA,natural,2020-11-29 12-26 PM
9947332,https://www.brilliantearth.com//loose-diamonds/view_detail/9947332/,Marquise,480,0.3,Very Good,F,SI1,GIA,natural,2020-11-29 12-26 PM
9946023,https://www.brilliantearth.com//loose-diamonds/view_detail/9946023/,Princess,480,0.31,Ideal,I,VS2,GIA,natural,2020-11-29 12-26 PM
10069539,https://www.brilliantearth.com//loose-diamonds/view_detail/10069539/,Round,480,0.31,Ideal,H,SI2,GIA,natural,2020-11-29 12-26 PM
9946227,https://www.brilliantearth.com//loose-diamonds/view_detail/9946227/,Emerald,480,0.31,Ideal,H,SI1,GIA,natural,2020-11-29 12-26 PM
10000670,https://www.brilliantearth.com//loose-diamonds/view_detail/10000670/,Round,480,0.3,Super Ideal,I,VS1,GIA,natural,2020-11-29 12-26 PM
10073109,https://www.brilliantearth.com//loose-diamonds/view_detail/10073109/,Pear,480,0.3,Ideal,H,SI1,GIA,natural,2020-11-29 12-26 PM
10082472,https://www.brilliantearth.com//loose-diamonds/view_detail/10082472/,Round,480,0.33,Super Ideal,I,SI1,GIA,natural,2020-11-29 12-26 PM
10085547,https://www.brilliantearth.com//loose-diamonds/view_detail/10085547/,Round,480,0.25,Ideal,F,SI1,GIA,natural,2020-11-29 12-26 PM
10082258,https://www.brilliantearth.com//loose-diamonds/view_detail/10082258/,Round,480,0.34,Ideal,J,SI1,GIA,natural,2020-11-29 12-26 PM
10086074,https://www.brilliantearth.com//loose-diamonds/view_detail/10086074/,Round,480,0.3,Super Ideal,I,VVS1,GIA,natural,2020-11-29 12-26 PM
10085822,https://www.brilliantearth.com//loose-diamonds/view_detail/10085822/,Round,480,0.32,Super Ideal,J,VS2,GIA,natural,2020-11-29 12-26 PM
10086538,https://www.brilliantearth.com//loose-diamonds/view_detail/10086538/,Round,480,0.35,Super Ideal,I,SI2,GIA,natural,2020-11-29 12-26 PM
10081917,https://www.brilliantearth.com//loose-diamonds/view_detail/10081917/,Round,480,0.31,Super Ideal,I,SI1,GIA,natural,2020-11-29 12-26 PM
9944511,https://www.brilliantearth.com//loose-diamonds/view_detail/9944511/,Emerald,480,0.3,Ideal,D,SI2,GIA,natural,2020-11-29 12-26 PM
10082098,https://www.brilliantearth.com//loose-diamonds/view_detail/10082098/,Round,480,0.3,Super Ideal,H,SI2,GIA,natural,2020-11-29 12-26 PM
9751144,https://www.brilliantearth.com//loose-diamonds/view_detail/9751144/,Heart,480,0.3,Very Good,H,SI2,GIA,natural,2020-11-29 12-26 PM
10073515,https://www.brilliantearth.com//loose-diamonds/view_detail/10073515/,Round,480,0.3,Good,E,SI2,GIA,natural,2020-11-29 12-26 PM
9878637,https://www.brilliantearth.com//loose-diamonds/view_detail/9878637/,Princess,480,0.3,Ideal,H,VVS2,GIA,natural,2020-11-29 12-26 PM
9878549,https://www.brilliantearth.com//loose-diamonds/view_detail/9878549/,Princess,480,0.3,Very Good,G,SI1,GIA,natural,2020-11-29 12-26 PM
9877724,https://www.brilliantearth.com//loose-diamonds/view_detail/9877724/,Princess,480,0.3,Good,G,VS2,GIA,natural,2020-11-29 12-26 PM
9829576,https://www.brilliantearth.com//loose-diamonds/view_detail/9829576/,Princess,480,0.3,Very Good,G,VS1,GIA,natural,2020-11-29 12-26 PM
9828876,https://www.brilliantearth.com//loose-diamonds/view_detail/9828876/,Princess,480,0.25,Ideal,E,VS2,GIA,natural,2020-11-29 12-26 PM
9925423,https://www.brilliantearth.com//loose-diamonds/view_detail/9925423/,Pear,480,0.31,Very Good,E,SI2,GIA,natural,2020-11-29 12-26 PM
9997135,https://www.brilliantearth.com//loose-diamonds/view_detail/9997135/,Princess,480,0.3,Ideal,F,SI2,GIA,natural,2020-11-29 12-26 PM
9944445,https://www.brilliantearth.com//loose-diamonds/view_detail/9944445/,Emerald,480,0.3,Ideal,F,SI1,GIA,natural,2020-11-29 12-26 PM
9946224,https://www.brilliantearth.com//loose-diamonds/view_detail/9946224/,Emerald,480,0.3,Ideal,I,VS1,GIA,natural,2020-11-29 12-26 PM
10061181,https://www.brilliantearth.com//loose-diamonds/view_detail/10061181/,Emerald,480,0.31,Ideal,I,SI1,GIA,natural,2020-11-29 12-26 PM
10000601,https://www.brilliantearth.com//loose-diamonds/view_detail/10000601/,Round,480,0.3,Super Ideal,I,VS1,GIA,natural,2020-11-29 12-26 PM
10082094,https://www.brilliantearth.com//loose-diamonds/view_detail/10082094/,Round,480,0.34,Super Ideal,J,VS1,GIA,natural,2020-11-29 12-26 PM
10082557,https://www.brilliantearth.com//loose-diamonds/view_detail/10082557/,Round,480,0.3,Ideal,I,VS2,GIA,natural,2020-11-29 12-26 PM
10085168,https://www.brilliantearth.com//loose-diamonds/view_detail/10085168/,Round,480,0.3,Very Good,I,SI1,GIA,natural,2020-11-29 12-26 PM
10082306,https://www.brilliantearth.com//loose-diamonds/view_detail/10082306/,Round,480,0.32,Ideal,I,VS1,GIA,natural,2020-11-29 12-26 PM
10082404,https://www.brilliantearth.com//loose-diamonds/view_detail/10082404/,Round,480,0.3,Very Good,I,VS2,GIA,natural,2020-11-29 12-26 PM
10083549,https://www.brilliantearth.com//loose-diamonds/view_detail/10083549/,Round,480,0.3,Ideal,E,SI2,GIA,natural,2020-11-29 12-26 PM
10082135,https://www.brilliantearth.com//loose-diamonds/view_detail/10082135/,Round,480,0.25,Super Ideal,E,SI1,GIA,natural,2020-11-29 12-26 PM
10083301,https://www.brilliantearth.com//loose-diamonds/view_detail/10083301/,Emerald,480,0.4,Good,J,VS2,GIA,natural,2020-11-29 12-26 PM
10086181,https://www.brilliantearth.com//loose-diamonds/view_detail/10086181/,Round,480,0.3,Ideal,H,SI2,GIA,natural,2020-11-29 12-26 PM
10083500,https://www.brilliantearth.com//loose-diamonds/view_detail/10083500/,Round,480,0.31,Super Ideal,I,SI1,GIA,natural,2020-11-29 12-26 PM
10082481,https://www.brilliantearth.com//loose-diamonds/view_detail/10082481/,Round,480,0.3,Super Ideal,I,SI2,GIA,natural,2020-11-29 12-26 PM
10082586,https://www.brilliantearth.com//loose-diamonds/view_detail/10082586/,Round,480,0.3,Ideal,I,SI2,GIA,natural,2020-11-29 12-26 PM
10082444,https://www.brilliantearth.com//loose-diamonds/view_detail/10082444/,Round,480,0.3,Very Good,I,SI1,GIA,natural,2020-11-29 12-26 PM
10088164,https://www.brilliantearth.com//loose-diamonds/view_detail/10088164/,Round,480,0.3,Very Good,I,SI1,GIA,natural,2020-11-29 12-26 PM
10088377,https://www.brilliantearth.com//loose-diamonds/view_detail/10088377/,Emerald,480,0.3,Ideal,G,SI1,GIA,natural,2020-11-29 12-26 PM
9946601,https://www.brilliantearth.com//loose-diamonds/view_detail/9946601/,Emerald,480,0.35,Ideal,J,VVS2,GIA,natural,2020-11-29 12-26 PM
9829247,https://www.brilliantearth.com//loose-diamonds/view_detail/9829247/,Princess,480,0.25,Good,E,VS2,GIA,natural,2020-11-29 12-26 PM
9828461,https://www.brilliantearth.com//loose-diamonds/view_detail/9828461/,Princess,480,0.31,Good,G,SI1,GIA,natural,2020-11-29 12-26 PM
9927036,https://www.brilliantearth.com//loose-diamonds/view_detail/9927036/,Princess,480,0.3,Ideal,I,SI1,GIA,natural,2020-11-29 12-26 PM
9562426,https://www.brilliantearth.com//loose-diamonds/view_detail/9562426/,Round,480,0.31,Super Ideal,J,VS1,GIA,natural,2020-11-29 12-26 PM
9944614,https://www.brilliantearth.com//loose-diamonds/view_detail/9944614/,Emerald,480,0.31,Ideal,I,VS2,GIA,natural,2020-11-29 12-26 PM
9944339,https://www.brilliantearth.com//loose-diamonds/view_detail/9944339/,Emerald,480,0.3,Super Ideal,H,SI1,GIA,natural,2020-11-29 12-26 PM
10000605,https://www.brilliantearth.com//loose-diamonds/view_detail/10000605/,Round,480,0.3,Super Ideal,I,VS1,GIA,natural,2020-11-29 12-26 PM
10073388,https://www.brilliantearth.com//loose-diamonds/view_detail/10073388/,Pear,480,0.3,Very Good,I,VS2,GIA,natural,2020-11-29 12-26 PM
10082569,https://www.brilliantearth.com//loose-diamonds/view_detail/10082569/,Round,480,0.32,Super Ideal,J,VS2,GIA,natural,2020-11-29 12-26 PM
10082165,https://www.brilliantearth.com//loose-diamonds/view_detail/10082165/,Round,480,0.3,Ideal,G,SI2,GIA,natural,2020-11-29 12-26 PM
10081979,https://www.brilliantearth.com//loose-diamonds/view_detail/10081979/,Round,480,0.3,Super Ideal,J,VS1,GIA,natural,2020-11-29 12-26 PM
10084296,https://www.brilliantearth.com//loose-diamonds/view_detail/10084296/,Round,480,0.3,Very Good,G,SI2,GIA,natural,2020-11-29 12-26 PM
10085365,https://www.brilliantearth.com//loose-diamonds/view_detail/10085365/,Round,480,0.31,Super Ideal,G,SI2,GIA,natural,2020-11-29 12-26 PM
10085195,https://www.brilliantearth.com//loose-diamonds/view_detail/10085195/,Round,480,0.31,Very Good,G,SI2,GIA,natural,2020-11-29 12-26 PM
10086140,https://www.brilliantearth.com//loose-diamonds/view_detail/10086140/,Round,480,0.3,Super Ideal,H,SI2,GIA,natural,2020-11-29 12-26 PM
9943712,https://www.brilliantearth.com//loose-diamonds/view_detail/9943712/,Emerald,480,0.31,Super Ideal,E,SI2,GIA,natural,2020-11-29 12-26 PM
10082459,https://www.brilliantearth.com//loose-diamonds/view_detail/10082459/,Round,480,0.3,Super Ideal,H,SI2,GIA,natural,2020-11-29 12-26 PM
10017903,https://www.brilliantearth.com//loose-diamonds/view_detail/10017903/,Round,480,0.3,Ideal,J,SI1,GIA,natural,2020-11-29 12-26 PM
9927109,https://www.brilliantearth.com//loose-diamonds/view_detail/9927109/,Pear,480,0.3,Very Good,F,SI1,GIA,natural,2020-11-29 12-26 PM
9927766,https://www.brilliantearth.com//loose-diamonds/view_detail/9927766/,Pear,480,0.3,Ideal,F,SI1,GIA,natural,2020-11-29 12-26 PM
9925859,https://www.brilliantearth.com//loose-diamonds/view_detail/9925859/,Round,480,0.3,Super Ideal,J,SI1,GIA,natural,2020-11-29 12-26 PM
10001796,https://www.brilliantearth.com//loose-diamonds/view_detail/10001796/,Emerald,480,0.3,Ideal,F,SI1,GIA,natural,2020-11-29 12-26 PM
9928201,https://www.brilliantearth.com//loose-diamonds/view_detail/9928201/,Pear,480,0.36,Ideal,I,SI1,GIA,natural,2020-11-29 12-26 PM
10001840,https://www.brilliantearth.com//loose-diamonds/view_detail/10001840/,Round,480,0.31,Ideal,J,SI1,GIA,natural,2020-11-29 12-26 PM
9997765,https://www.brilliantearth.com//loose-diamonds/view_detail/9997765/,Emerald,480,0.3,Ideal,F,SI1,GIA,natural,2020-11-29 12-26 PM
9944806,https://www.brilliantearth.com//loose-diamonds/view_detail/9944806/,Pear,480,0.3,Ideal,F,SI1,GIA,natural,2020-11-29 12-26 PM
10028040,https://www.brilliantearth.com//loose-diamonds/view_detail/10028040/,Emerald,480,0.31,Ideal,I,VVS2,GIA,natural,2020-11-29 12-26 PM
10061123,https://www.brilliantearth.com//loose-diamonds/view_detail/10061123/,Round,480,0.32,Ideal,J,VS2,GIA,natural,2020-11-29 12-26 PM
9947279,https://www.brilliantearth.com//loose-diamonds/view_detail/9947279/,Emerald,480,0.31,Ideal,G,SI1,GIA,natural,2020-11-29 12-26 PM
9964789,https://www.brilliantearth.com//loose-diamonds/view_detail/9964789/,Marquise,480,0.3,Ideal,E,SI1,GIA,natural,2020-11-29 12-26 PM
10085382,https://www.brilliantearth.com//loose-diamonds/view_detail/10085382/,Round,480,0.3,Ideal,E,SI2,GIA,natural,2020-11-29 12-26 PM
10084215,https://www.brilliantearth.com//loose-diamonds/view_detail/10084215/,Round,480,0.3,Super Ideal,I,SI2,GIA,natural,2020-11-29 12-26 PM
10084455,https://www.brilliantearth.com//loose-diamonds/view_detail/10084455/,Round,480,0.3,Super Ideal,G,SI2,GIA,natural,2020-11-29 12-26 PM
10084490,https://www.brilliantearth.com//loose-diamonds/view_detail/10084490/,Round,480,0.25,Super Ideal,F,SI1,GIA,natural,2020-11-29 12-26 PM
10082893,https://www.brilliantearth.com//loose-diamonds/view_detail/10082893/,Round,480,0.33,Super Ideal,H,SI1,GIA,natural,2020-11-29 12-26 PM
10086434,https://www.brilliantearth.com//loose-diamonds/view_detail/10086434/,Round,480,0.3,Super Ideal,I,VVS1,GIA,natural,2020-11-29 12-26 PM
10082221,https://www.brilliantearth.com//loose-diamonds/view_detail/10082221/,Round,480,0.31,Super Ideal,J,SI2,GIA,natural,2020-11-29 12-26 PM
10081918,https://www.brilliantearth.com//loose-diamonds/view_detail/10081918/,Round,480,0.25,Super Ideal,F,SI1,GIA,natural,2020-11-29 12-26 PM
9967844,https://www.brilliantearth.com//loose-diamonds/view_detail/9967844/,Emerald,480,0.3,Very Good,D,SI2,GIA,natural,2020-11-29 12-26 PM
10079111,https://www.brilliantearth.com//loose-diamonds/view_detail/10079111/,Round,480,0.3,Ideal,J,SI1,GIA,natural,2020-11-29 12-26 PM
10091822,https://www.brilliantearth.com//loose-diamonds/view_detail/10091822/,Round,480,0.3,Ideal,F,SI2,GIA,natural,2020-11-29 12-26 PM
9877873,https://www.brilliantearth.com//loose-diamonds/view_detail/9877873/,Princess,490,0.3,Very Good,G,VS2,GIA,natural,2020-11-29 12-26 PM
9877446,https://www.brilliantearth.com//loose-diamonds/view_detail/9877446/,Princess,490,0.31,Ideal,G,SI1,GIA,natural,2020-11-29 12-26 PM
9830676,https://www.brilliantearth.com//loose-diamonds/view_detail/9830676/,Princess,490,0.3,Very Good,F,SI1,GIA,natural,2020-11-29 12-26 PM
9830574,https://www.brilliantearth.com//loose-diamonds/view_detail/9830574/,Princess,490,0.3,Very Good,E,SI2,GIA,natural,2020-11-29 12-26 PM
9830140,https://www.brilliantearth.com//loose-diamonds/view_detail/9830140/,Princess,490,0.3,Good,F,SI1,GIA,natural,2020-11-29 12-26 PM
9828417,https://www.brilliantearth.com//loose-diamonds/view_detail/9828417/,Princess,490,0.26,Ideal,G,VVS2,GIA,natural,2020-11-29 12-26 PM
9837657,https://www.brilliantearth.com//loose-diamonds/view_detail/9837657/,Round,490,0.31,Super Ideal,I,VS1,GIA,natural,2020-11-29 12-26 PM
10061633,https://www.brilliantearth.com//loose-diamonds/view_detail/10061633/,Round,490,0.3,Super Ideal,J,SI1,GIA,natural,2020-11-29 12-26 PM
9981801,https://www.brilliantearth.com//loose-diamonds/view_detail/9981801/,Emerald,490,0.33,Ideal,H,SI1,GIA,natural,2020-11-29 12-26 PM
10068604,https://www.brilliantearth.com//loose-diamonds/view_detail/10068604/,Princess,490,0.31,Very Good,H,VS1,GIA,natural,2020-11-29 12-26 PM
10073503,https://www.brilliantearth.com//loose-diamonds/view_detail/10073503/,Round,490,0.3,Very Good,I,VS2,GIA,natural,2020-11-29 12-26 PM
9900138,https://www.brilliantearth.com//loose-diamonds/view_detail/9900138/,Round,490,0.31,Super Ideal,J,VS2,GIA,natural,2020-11-29 12-26 PM
9946932,https://www.brilliantearth.com//loose-diamonds/view_detail/9946932/,Emerald,490,0.3,Ideal,F,SI1,GIA,natural,2020-11-29 12-26 PM
9964295,https://www.brilliantearth.com//loose-diamonds/view_detail/9964295/,Pear,490,0.3,Ideal,F,SI2,GIA,natural,2020-11-29 12-26 PM
10089142,https://www.brilliantearth.com//loose-diamonds/view_detail/10089142/,Princess,490,0.3,Fair,J,VS1,GIA,natural,2020-11-29 12-26 PM
10082534,https://www.brilliantearth.com//loose-diamonds/view_detail/10082534/,Round,490,0.3,Ideal,E,SI2,GIA,natural,2020-11-29 12-26 PM
10083461,https://www.brilliantearth.com//loose-diamonds/view_detail/10083461/,Round,490,0.31,Super Ideal,J,VS1,GIA,natural,2020-11-29 12-26 PM
10083579,https://www.brilliantearth.com//loose-diamonds/view_detail/10083579/,Round,490,0.33,Very Good,G,SI2,GIA,natural,2020-11-29 12-26 PM
10083533,https://www.brilliantearth.com//loose-diamonds/view_detail/10083533/,Round,490,0.31,Super Ideal,G,SI2,GIA,natural,2020-11-29 12-26 PM
10085926,https://www.brilliantearth.com//loose-diamonds/view_detail/10085926/,Round,490,0.34,Ideal,F,SI2,GIA,natural,2020-11-29 12-26 PM
10082270,https://www.brilliantearth.com//loose-diamonds/view_detail/10082270/,Round,490,0.32,Super Ideal,J,VS2,GIA,natural,2020-11-29 12-26 PM
10086646,https://www.brilliantearth.com//loose-diamonds/view_detail/10086646/,Round,490,0.3,Very Good,H,SI1,GIA,natural,2020-11-29 12-26 PM
10087303,https://www.brilliantearth.com//loose-diamonds/view_detail/10087303/,Round,490,0.32,Very Good,H,SI2,GIA,natural,2020-11-29 12-26 PM
10083842,https://www.brilliantearth.com//loose-diamonds/view_detail/10083842/,Round,490,0.34,Very Good,J,VS1,GIA,natural,2020-11-29 12-26 PM
9968008,https://www.brilliantearth.com//loose-diamonds/view_detail/9968008/,Pear,490,0.3,Very Good,G,SI1,GIA,natural,2020-11-29 12-26 PM
9946382,https://www.brilliantearth.com//loose-diamonds/view_detail/9946382/,Emerald,490,0.3,Very Good,E,SI1,GIA,natural,2020-11-29 12-26 PM
10049259,https://www.brilliantearth.com//loose-diamonds/view_detail/10049259/,Heart,490,0.3,Very Good,G,SI2,GIA,natural,2020-11-29 12-26 PM
9878725,https://www.brilliantearth.com//loose-diamonds/view_detail/9878725/,Princess,490,0.31,Ideal,G,SI1,GIA,natural,2020-11-29 12-26 PM
9878258,https://www.brilliantearth.com//loose-diamonds/view_detail/9878258/,Princess,490,0.3,Ideal,H,VS1,GIA,natural,2020-11-29 12-26 PM
9829612,https://www.brilliantearth.com//loose-diamonds/view_detail/9829612/,Princess,490,0.31,Good,I,VS2,GIA,natural,2020-11-29 12-26 PM
9828810,https://www.brilliantearth.com//loose-diamonds/view_detail/9828810/,Princess,490,0.26,Very Good,F,VS2,GIA,natural,2020-11-29 12-26 PM
9946076,https://www.brilliantearth.com//loose-diamonds/view_detail/9946076/,Marquise,490,0.3,Very Good,F,SI1,GIA,natural,2020-11-29 12-26 PM
9946051,https://www.brilliantearth.com//loose-diamonds/view_detail/9946051/,Emerald,490,0.3,Ideal,F,SI1,GIA,natural,2020-11-29 12-26 PM
9928045,https://www.brilliantearth.com//loose-diamonds/view_detail/9928045/,Pear,490,0.3,Ideal,H,SI1,GIA,natural,2020-11-29 12-26 PM
10073600,https://www.brilliantearth.com//loose-diamonds/view_detail/10073600/,Round,490,0.3,Ideal,J,VVS2,GIA,natural,2020-11-29 12-26 PM
10072882,https://www.brilliantearth.com//loose-diamonds/view_detail/10072882/,Pear,490,0.3,Very Good,F,SI1,GIA,natural,2020-11-29 12-26 PM
10084276,https://www.brilliantearth.com//loose-diamonds/view_detail/10084276/,Round,490,0.34,Super Ideal,J,VVS2,GIA,natural,2020-11-29 12-26 PM
10081977,https://www.brilliantearth.com//loose-diamonds/view_detail/10081977/,Round,490,0.32,Super Ideal,I,SI2,GIA,natural,2020-11-29 12-26 PM
10086510,https://www.brilliantearth.com//loose-diamonds/view_detail/10086510/,Round,490,0.31,Super Ideal,G,SI1,GIA,natural,2020-11-29 12-26 PM
10085951,https://www.brilliantearth.com//loose-diamonds/view_detail/10085951/,Round,490,0.34,Super Ideal,G,SI2,GIA,natural,2020-11-29 12-26 PM
10082657,https://www.brilliantearth.com//loose-diamonds/view_detail/10082657/,Round,490,0.27,Super Ideal,F,SI1,GIA,natural,2020-11-29 12-26 PM
10083949,https://www.brilliantearth.com//loose-diamonds/view_detail/10083949/,Round,490,0.3,Super Ideal,F,SI1,GIA,natural,2020-11-29 12-26 PM
9923448,https://www.brilliantearth.com//loose-diamonds/view_detail/9923448/,Round,490,0.3,Ideal,I,SI1,GIA,natural,2020-11-29 12-26 PM
10022694,https://www.brilliantearth.com//loose-diamonds/view_detail/10022694/,Pear,490,0.3,Ideal,F,SI1,GIA,natural,2020-11-29 12-26 PM
10048814,https://www.brilliantearth.com//loose-diamonds/view_detail/10048814/,Emerald,490,0.3,Ideal,F,VS2,GIA,natural,2020-11-29 12-26 PM
9946120,https://www.brilliantearth.com//loose-diamonds/view_detail/9946120/,Emerald,490,0.34,Ideal,G,SI1,GIA,natural,2020-11-29 12-26 PM
10078955,https://www.brilliantearth.com//loose-diamonds/view_detail/10078955/,Pear,490,0.3,Ideal,F,SI2,GIA,natural,2020-11-29 12-26 PM
9927347,https://www.brilliantearth.com//loose-diamonds/view_detail/9927347/,Princess,490,0.3,Ideal,F,SI1,GIA,natural,2020-11-29 12-26 PM
